DATE,festival_name,tithi,hindu_month,price,is_festival
2010-01-01,,,,404,0
2010-01-02,,,,404,0
2010-01-03,,,,404,0
2010-01-04,,,,404,0
2010-01-05,,,,404,0
2010-01-06,,,,404,0
2010-01-07,,,,404,0
2010-01-08,,,,404,0
2010-01-09,,,,404,0
2010-01-10,,,,244,0
2010-01-11,,,,144,0
2010-01-12,,,,144,0
2010-01-13,,,,184,0
2010-01-14,Makara Sankranti,Dhanu to Makara transit of Sun,Magha,244,1
2010-01-15,,,,164,0
2010-01-16,,,,164,0
2010-01-17,,,,144,0
2010-01-18,,,,144,0
2010-01-19,,,,122,0
2010-01-20,,,,224,0
2010-01-21,,,,244,0
2010-01-22,,,,164,0
2010-01-23,,,,102,0
2010-01-24,,,,144,0
2010-01-25,,,,164,0
2010-01-26,,,,164,0
2010-01-27,,,,204,0
2010-01-28,,,,224,0
2010-01-29,,,,244,0
2010-01-30,,,,204,0
2010-01-31,,,,184,0
2010-02-01,,,,202,0
2010-02-02,,,,204,0
2010-02-03,,,,224,0
2010-02-04,,,,404,0
2010-02-05,,,,404,0
2010-02-06,,,,404,0
2010-02-07,,,,324,0
2010-02-08,,,,304,0
2010-02-09,,,,284,0
2010-02-10,,,,404,0
2010-02-11,,,,404,0
2010-02-12,Maha Shivaratri,Krishna Chaturdashi,Phalguna,404,1
2010-02-13,,,,344,0
2010-02-14,,,,344,0
2010-02-15,,,,324,0
2010-02-16,,,,404,0
2010-02-17,,,,404,0
2010-02-18,,,,404,0
2010-02-19,,,,204,0
2010-02-20,,,,204,0
2010-02-21,,,,224,0
2010-02-22,,,,102,0
2010-02-23,,,,122,0
2010-02-24,,,,102,0
2010-02-25,,,,122,0
2010-02-26,,,,144,0
2010-02-27,,,,304,0
2010-02-28,,,,304,0
2010-03-01,,,,102,0
2010-03-02,,,,102,0
2010-03-03,,,,164,0
2010-03-04,,,,122,0
2010-03-05,,,,184,0
2010-03-06,,,,184,0
2010-03-07,,,,122,0
2010-03-08,,,,102,0
2010-03-09,,,,82,0
2010-03-10,,,,82,0
2010-03-11,,,,82,0
2010-03-12,,,,102,0
2010-03-13,,,,164,0
2010-03-14,,,,144,0
2010-03-15,,,,144,0
2010-03-16,Ugadi,Shukla Pratipada,Chaitra,122,1
2010-03-17,,,,122,0
2010-03-18,,,,164,0
2010-03-19,,,,144,0
2010-03-20,,,,102,0
2010-03-21,,,,122,0
2010-03-22,,,,102,0
2010-03-23,,,,102,0
2010-03-24,Rama Navami,Shukla Navami,Chaitra,102,1
2010-03-25,,,,82,0
2010-03-26,,,,82,0
2010-03-27,,,,82,0
2010-03-28,,,,144,0
2010-03-29,,,,144,0
2010-03-30,,,,184,0
2010-03-31,,,,244,0
2010-04-01,,,,184,0
2010-04-02,,,,204,0
2010-04-03,,,,224,0
2010-04-04,,,,404,0
2010-04-05,,,,144,0
2010-04-06,,,,102,0
2010-04-07,,,,204,0
2010-04-08,,,,164,0
2010-04-09,,,,122,0
2010-04-10,,,,164,0
2010-04-11,,,,102,0
2010-04-12,,,,82,0
2010-04-13,,,,144,0
2010-04-14,,,,102,0
2010-04-15,,,,102,0
2010-04-16,,,,122,0
2010-04-17,,,,122,0
2010-04-18,,,,144,0
2010-04-19,,,,82,0
2010-04-20,,,,102,0
2010-04-21,,,,102,0
2010-04-22,,,,122,0
2010-04-23,,,,122,0
2010-04-24,,,,122,0
2010-04-25,,,,164,0
2010-04-26,,,,122,0
2010-04-27,,,,122,0
2010-04-28,,,,164,0
2010-04-29,,,,164,0
2010-04-30,,,,144,0
2010-05-01,,,,204,0
2010-05-02,,,,122,0
2010-05-03,,,,82,0
2010-05-04,,,,102,0
2010-05-05,,,,102,0
2010-05-06,,,,102,0
2010-05-07,,,,102,0
2010-05-08,,,,82,0
2010-05-09,,,,82,0
2010-05-10,,,,62,0
2010-05-11,,,,82,0
2010-05-12,,,,82,0
2010-05-13,,,,102,0
2010-05-14,,,,144,0
2010-05-15,,,,304,0
2010-05-16,,,,82,0
2010-05-17,,,,62,0
2010-05-18,,,,102,0
2010-05-19,,,,204,0
2010-05-20,,,,164,0
2010-05-21,,,,184,0
2010-05-22,,,,184,0
2010-05-23,,,,304,0
2010-05-24,,,,224,0
2010-05-25,,,,404,0
2010-05-26,,,,264,0
2010-05-27,,,,284,0
2010-05-28,,,,244,0
2010-05-29,,,,164,0
2010-05-30,,,,102,0
2010-05-31,,,,70,0
2010-06-01,,,,144,0
2010-06-02,,,,82,0
2010-06-03,,,,70,0
2010-06-04,,,,70,0
2010-06-05,,,,122,0
2010-06-06,,,,62,0
2010-06-07,,,,50,0
2010-06-08,,,,62,0
2010-06-09,,,,62,0
2010-06-10,,,,50,0
2010-06-11,,,,62,0
2010-06-12,,,,70,0
2010-06-13,,,,102,0
2010-06-14,,,,82,0
2010-06-15,,,,144,0
2010-06-16,,,,82,0
2010-06-17,,,,70,0
2010-06-18,,,,102,0
2010-06-19,,,,304,0
2010-06-20,,,,102,0
2010-06-21,Ganga Dussehra,Shukla Dashami,Jyeshtha,102,1
2010-06-22,,,,82,0
2010-06-23,,,,102,0
2010-06-24,,,,164,0
2010-06-25,,,,144,0
2010-06-26,,,,144,0
2010-06-27,,,,164,0
2010-06-28,,,,144,0
2010-06-29,,,,82,0
2010-06-30,,,,70,0
2010-07-01,,,,82,0
2010-07-02,,,,164,0
2010-07-03,,,,404,0
2010-07-04,,,,324,0
2010-07-05,,,,144,0
2010-07-06,,,,144,0
2010-07-07,,,,224,0
2010-07-08,,,,184,0
2010-07-09,,,,184,0
2010-07-10,,,,204,0
2010-07-11,,,,204,0
2010-07-12,,,,244,0
2010-07-13,,,,404,0
2010-07-14,,,,404,0
2010-07-15,,,,404,0
2010-07-16,,,,404,0
2010-07-17,,,,404,0
2010-07-18,,,,164,0
2010-07-19,,,,164,0
2010-07-20,,,,102,0
2010-07-21,,,,122,0
2010-07-22,,,,204,0
2010-07-23,,,,144,0
2010-07-24,,,,184,0
2010-07-25,Guru Purnima,Shukla Purnima,Ashadha,184,1
2010-07-26,,,,184,0
2010-07-27,,,,144,0
2010-07-28,,,,144,0
2010-07-29,,,,122,0
2010-07-30,,,,244,0
2010-07-31,,,,22,0
2010-08-01,,,,144,0
2010-08-02,,,,144,0
2010-08-03,,,,122,0
2010-08-04,,,,102,0
2010-08-05,,,,204,0
2010-08-06,,,,144,0
2010-08-07,,,,122,0
2010-08-08,,,,122,0
2010-08-09,,,,144,0
2010-08-10,,,,102,0
2010-08-11,,,,102,0
2010-08-12,,,,164,0
2010-08-13,,,,304,0
2010-08-14,Nag Panchami,Shukla Panchami,Shravana,224,1
2010-08-15,,,,324,0
2010-08-16,,,,364,0
2010-08-17,,,,344,0
2010-08-18,,,,404,0
2010-08-19,,,,404,0
2010-08-20,Varalakshmi Vrat,Friday before Shravana Purnima,Shravana,404,1
2010-08-21,,,,404,0
2010-08-22,,,,405,0
2010-08-23,,,,405,0
2010-08-24,,,,265,0
2010-08-25,,,,265,0
2010-08-26,,,,325,0
2010-08-27,,,,405,0
2010-08-28,,,,405,0
2010-08-29,,,,165,0
2010-08-30,,,,185,0
2010-08-31,,,,145,0
2010-09-01,Janmashtami *Smarta,Krishna Ashtami,Bhadrapada,205,1
2010-09-02,Janmashtami *ISKCON,Krishna Ashtami,Bhadrapada,145,1
2010-09-03,,,,85,0
2010-09-04,,,,85,0
2010-09-05,,,,85,0
2010-09-06,,,,165,0
2010-09-07,,,,165,0
2010-09-08,,,,245,0
2010-09-09,,,,305,0
2010-09-10,Eid ul-Fitr,,,405,1
2010-09-11,Ganesh Chaturthi,Shukla Chaturthi,Bhadrapada,405,1
2010-09-12,,,,245,0
2010-09-13,,,,265,0
2010-09-14,,,,365,0
2010-09-15,,,,405,0
2010-09-16,,,,405,0
2010-09-17,,,,405,0
2010-09-18,,,,405,0
2010-09-19,,,,405,0
2010-09-20,,,,405,0
2010-09-21,,,,405,0
2010-09-22,Anant Chaturdashi | Ganesh Visarjan,Shukla Chaturdashi,Bhadrapada,405,1
2010-09-23,,,,405,0
2010-09-24,,,,405,0
2010-09-25,,,,405,0
2010-09-26,,,,325,0
2010-09-27,,,,305,0
2010-09-28,,,,145,0
2010-09-29,,,,105,0
2010-09-30,,,,50,0
2010-10-01,,,,65,0
2010-10-02,,,,105,0
2010-10-03,,,,65,0
2010-10-04,,,,65,0
2010-10-05,,,,65,0
2010-10-06,,,,125,0
2010-10-07,,,,245,0
2010-10-08,Navratri Begins,Shukla Pratipada,Ashwina,245,1
2010-10-09,,,,225,0
2010-10-10,,,,185,0
2010-10-11,,,,225,0
2010-10-12,,,,305,0
2010-10-13,,,,405,0
2010-10-14,Saraswati Puja,Purva Ashadha Nakshatra,Ashwina,405,1
2010-10-15,Durga Ashtami,Shukla Ashtami,Ashwina,405,1
2010-10-16,,,,405,0
2010-10-17,Dussehra | Vijayadashami,Shukla Dashami,Ashwina,405,1
2010-10-18,,,,245,0
2010-10-19,,,,245,0
2010-10-20,,,,405,0
2010-10-21,,,,405,0
2010-10-22,,,,365,0
2010-10-23,,,,365,0
2010-10-24,,,,325,0
2010-10-25,,,,325,0
2010-10-26,,,,405,0
2010-10-27,,,,405,0
2010-10-28,,,,405,0
2010-10-29,,,,365,0
2010-10-30,,,,405,0
2010-10-31,,,,205,0
2010-11-01,,,,265,0
2010-11-02,,,,245,0
2010-11-03,,,,405,0
2010-11-04,,,,405,0
2010-11-05,Diwali | Lakshmi Puja,Krishna Amavasya,Kartika,405,1
2010-11-06,,,,405,0
2010-11-07,,,,405,0
2010-11-08,,,,405,0
2010-11-09,,,,405,0
2010-11-10,,,,405,0
2010-11-11,,,,405,0
2010-11-12,,,,405,0
2010-11-13,,,,405,0
2010-11-14,,,,405,0
2010-11-15,,,,405,0
2010-11-16,,,,405,0
2010-11-17,,,,405,0
2010-11-18,Tulasi Vivah,Shukla Dwadashi,Kartika,405,1
2010-11-19,,,,405,0
2010-11-20,,,,405,0
2010-11-21,,,,405,0
2010-11-22,,,,405,0
2010-11-23,,,,405,0
2010-11-24,,,,405,0
2010-11-25,,,,405,0
2010-11-26,,,,405,0
2010-11-27,,,,405,0
2010-11-28,,,,245,0
2010-11-29,,,,405,0
2010-11-30,,,,405,0
2010-12-01,,,,405,0
2010-12-02,,,,405,0
2010-12-03,,,,405,0
2010-12-04,,,,405,0
2010-12-05,,,,405,0
2010-12-06,,,,405,0
2010-12-07,,,,405,0
2010-12-08,,,,405,0
2010-12-09,,,,405,0
2010-12-10,,,,405,0
2010-12-11,,,,405,0
2010-12-12,,,,405,0
2010-12-13,,,,405,0
2010-12-14,,,,405,0
2010-12-15,,,,405,0
2010-12-16,,,,405,0
2010-12-17,,,,305,0
2010-12-18,,,,365,0
2010-12-19,,,,405,0
2010-12-20,,,,405,0
2010-12-21,,,,305,0
2010-12-22,,,,405,0
2010-12-23,,,,405,0
2010-12-24,,,,405,0
2010-12-25,Christmas,,Pausha,405,1
2010-12-26,,,,405,0
2010-12-27,,,,405,0
2010-12-28,,,,405,0
2010-12-29,,,,405,0
2010-12-30,,,,405,0
2010-12-31,,,,405,0
2011-01-01,,,,420,0
2011-01-02,,,,420,0
2011-01-03,,,,420,0
2011-01-04,,,,420,0
2011-01-05,,,,420,0
2011-01-06,,,,420,0
2011-01-07,,,,420,0
2011-01-08,,,,420,0
2011-01-09,,,,420,0
2011-01-10,,,,420,0
2011-01-11,,,,420,0
2011-01-12,,,,420,0
2011-01-13,,,,420,0
2011-01-14,,,,420,0
2011-01-15,Makara Sankranti,Dhanu to Makara transit of Sun,Pausha,420,1
2011-01-16,,,,420,0
2011-01-17,,,,420,0
2011-01-18,,,,420,0
2011-01-19,,,,420,0
2011-01-20,,,,420,0
2011-01-21,,,,420,0
2011-01-22,,,,420,0
2011-01-23,,,,420,0
2011-01-24,,,,420,0
2011-01-25,,,,420,0
2011-01-26,,,,420,0
2011-01-27,,,,420,0
2011-01-28,,,,420,0
2011-01-29,,,,420,0
2011-01-30,,,,420,0
2011-01-31,,,,420,0
2011-02-01,,,,260,0
2011-02-02,,,,260,0
2011-02-03,,,,420,0
2011-02-04,,,,420,0
2011-02-05,,,,420,0
2011-02-06,,,,420,0
2011-02-07,,,,420,0
2011-02-08,,,,420,0
2011-02-09,,,,420,0
2011-02-10,,,,420,0
2011-02-11,,,,420,0
2011-02-12,,,,420,0
2011-02-13,,,,420,0
2011-02-14,,,,420,0
2011-02-15,,,,420,0
2011-02-16,,,,420,0
2011-02-17,,,,420,0
2011-02-18,,,,420,0
2011-02-19,,,,420,0
2011-02-20,,,,420,0
2011-02-21,,,,420,0
2011-02-22,,,,370,0
2011-02-23,,,,370,0
2011-02-24,,,,170,0
2011-02-25,,,,370,0
2011-02-26,,,,420,0
2011-02-27,,,,250,0
2011-02-28,,,,190,0
2011-03-01,,,,250,0
2011-03-02,Maha Shivaratri,Krishna Chaturdashi,Phalguna,250,1
2011-03-03,,,,310,0
2011-03-04,,,,270,0
2011-03-05,,,,420,0
2011-03-06,,,,210,0
2011-03-07,,,,170,0
2011-03-08,,,,130,0
2011-03-09,,,,130,0
2011-03-10,,,,150,0
2011-03-11,,,,170,0
2011-03-12,,,,370,0
2011-03-13,,,,170,0
2011-03-14,,,,250,0
2011-03-15,,,,130,0
2011-03-16,,,,110,0
2011-03-17,,,,150,0
2011-03-18,,,,170,0
2011-03-19,,,,210,0
2011-03-20,,,,290,0
2011-03-21,,,,210,0
2011-03-22,,,,210,0
2011-03-23,,,,170,0
2011-03-24,,,,250,0
2011-03-25,,,,110,0
2011-03-26,,,,210,0
2011-03-27,,,,190,0
2011-03-28,,,,130,0
2011-03-29,,,,110,0
2011-03-30,,,,90,0
2011-03-31,,,,110,0
2011-04-01,,,,130,0
2011-04-02,,,,110,0
2011-04-03,,,,110,0
2011-04-04,Ugadi,Shukla Pratipada,Chaitra,150,1
2011-04-05,,,,150,0
2011-04-06,,,,110,0
2011-04-07,,,,110,0
2011-04-08,,,,150,0
2011-04-09,,,,150,0
2011-04-10,,,,130,0
2011-04-11,,,,150,0
2011-04-12,Rama Navami,Shukla Navami,Chaitra,170,1
2011-04-13,,,,170,0
2011-04-14,,,,250,0
2011-04-15,,,,210,0
2011-04-16,,,,330,0
2011-04-17,,,,210,0
2011-04-18,,,,150,0
2011-04-19,,,,130,0
2011-04-20,,,,170,0
2011-04-21,,,,150,0
2011-04-22,,,,270,0
2011-04-23,,,,420,0
2011-04-24,,,,270,0
2011-04-25,,,,270,0
2011-04-26,,,,270,0
2011-04-27,,,,330,0
2011-04-28,,,,210,0
2011-04-29,,,,170,0
2011-04-30,,,,270,0
2011-05-01,,,,130,0
2011-05-02,,,,130,0
2011-05-03,,,,130,0
2011-05-04,,,,150,0
2011-05-05,,,,270,0
2011-05-06,,,,170,0
2011-05-07,,,,230,0
2011-05-08,,,,230,0
2011-05-09,,,,230,0
2011-05-10,,,,250,0
2011-05-11,,,,170,0
2011-05-12,,,,170,0
2011-05-13,,,,170,0
2011-05-14,,,,170,0
2011-05-15,,,,150,0
2011-05-16,,,,210,0
2011-05-17,,,,150,0
2011-05-18,,,,150,0
2011-05-19,,,,130,0
2011-05-20,,,,190,0
2011-05-21,,,,170,0
2011-05-22,,,,290,0
2011-05-23,,,,310,0
2011-05-24,,,,250,0
2011-05-25,,,,250,0
2011-05-26,,,,270,0
2011-05-27,,,,330,0
2011-05-28,,,,310,0
2011-05-29,,,,310,0
2011-05-30,,,,130,0
2011-05-31,,,,110,0
2011-06-01,,,,90,0
2011-06-02,,,,90,0
2011-06-03,,,,110,0
2011-06-04,,,,130,0
2011-06-05,,,,150,0
2011-06-06,,,,110,0
2011-06-07,,,,90,0
2011-06-08,,,,110,0
2011-06-09,,,,110,0
2011-06-10,,,,90,0
2011-06-11,Ganga Dussehra,Shukla Dashami,Jyeshtha,90,1
2011-06-12,,,,90,0
2011-06-13,,,,90,0
2011-06-14,,,,90,0
2011-06-15,,,,130,0
2011-06-16,,,,110,0
2011-06-17,,,,110,0
2011-06-18,,,,110,0
2011-06-19,,,,150,0
2011-06-20,,,,110,0
2011-06-21,,,,90,0
2011-06-22,,,,90,0
2011-06-23,,,,90,0
2011-06-24,,,,150,0
2011-06-25,,,,130,0
2011-06-26,,,,170,0
2011-06-27,,,,90,0
2011-06-28,,,,110,0
2011-06-29,,,,130,0
2011-06-30,,,,130,0
2011-07-01,,,,90,0
2011-07-02,,,,90,0
2011-07-03,,,,170,0
2011-07-04,,,,230,0
2011-07-05,,,,230,0
2011-07-06,,,,230,0
2011-07-07,,,,420,0
2011-07-08,,,,420,0
2011-07-09,,,,420,0
2011-07-10,,,,420,0
2011-07-11,,,,310,0
2011-07-12,,,,310,0
2011-07-13,,,,420,0
2011-07-14,,,,420,0
2011-07-15,Guru Purnima,Shukla Purnima,Ashadha,420,1
2011-07-16,,,,420,0
2011-07-17,,,,420,0
2011-07-18,,,,310,0
2011-07-19,,,,420,0
2011-07-20,,,,170,0
2011-07-21,,,,130,0
2011-07-22,,,,150,0
2011-07-23,,,,130,0
2011-07-24,,,,130,0
2011-07-25,,,,150,0
2011-07-26,,,,150,0
2011-07-27,,,,170,0
2011-07-28,,,,370,0
2011-07-29,,,,370,0
2011-07-30,,,,170,0
2011-07-31,,,,170,0
2011-08-01,,,,250,0
2011-08-02,,,,210,0
2011-08-03,,,,260,0
2011-08-04,Nag Panchami,Shukla Panchami,Shravana,250,1
2011-08-05,,,,170,0
2011-08-06,,,,170,0
2011-08-07,,,,110,0
2011-08-08,,,,110,0
2011-08-09,,,,160,0
2011-08-10,,,,250,0
2011-08-11,,,,160,0
2011-08-12,Varalakshmi Vrat,Friday before Shravana Purnima,Shravana,170,1
2011-08-13,,,,250,0
2011-08-14,,,,370,0
2011-08-15,,,,420,0
2011-08-16,,,,420,0
2011-08-17,,,,420,0
2011-08-18,,,,420,0
2011-08-19,,,,420,0
2011-08-20,,,,420,0
2011-08-21,,,,420,0
2011-08-22,Krishna Janmashtami,Krishna Ashtami,Bhadrapada,420,1
2011-08-23,,,,420,0
2011-08-24,,,,420,0
2011-08-25,,,,250,0
2011-08-26,,,,250,0
2011-08-27,,,,310,0
2011-08-28,,,,290,0
2011-08-29,,,,250,0
2011-08-30,,,,390,0
2011-08-31,Eid ul-Fitr,,,420,1
2011-09-01,Ganesh Chaturthi,Shukla Chaturthi,Bhadrapada,420,1
2011-09-02,,,,420,0
2011-09-03,,,,420,0
2011-09-04,,,,420,0
2011-09-05,,,,420,0
2011-09-06,,,,420,0
2011-09-07,,,,210,0
2011-09-08,,,,150,0
2011-09-09,,,,210,0
2011-09-10,,,,250,0
2011-09-11,Anant Chaturdashi | Ganesh Visarjan,Shukla Chaturdashi,Bhadrapada,230,1
2011-09-12,,,,420,0
2011-09-13,,,,420,0
2011-09-14,,,,150,0
2011-09-15,,,,110,0
2011-09-16,,,,90,0
2011-09-17,,,,110,0
2011-09-18,,,,110,0
2011-09-19,,,,110,0
2011-09-20,,,,170,0
2011-09-21,,,,150,0
2011-09-22,,,,170,0
2011-09-23,,,,110,0
2011-09-24,,,,160,0
2011-09-25,,,,110,0
2011-09-26,,,,170,0
2011-09-27,,,,110,0
2011-09-28,Navratri Begins,Shukla Pratipada,Ashwina,90,1
2011-09-29,,,,250,0
2011-09-30,,,,230,0
2011-10-01,,,,420,0
2011-10-02,,,,520,0
2011-10-03,,,,520,0
2011-10-04,Durga Ashtami | Saraswati Puja,Purva Ashadha Nakshatra | Shukla Ashtami,Ashwina,820,1
2011-10-05,,,,820,0
2011-10-06,Dussehra | Vijayadashami,Shukla Dashami,Ashwina,820,1
2011-10-07,,,,720,0
2011-10-08,,,,620,0
2011-10-09,,,,420,0
2011-10-10,,,,720,0
2011-10-11,,,,520,0
2011-10-12,,,,150,0
2011-10-13,,,,150,0
2011-10-14,,,,170,0
2011-10-15,,,,210,0
2011-10-16,,,,170,0
2011-10-17,,,,210,0
2011-10-18,,,,250,0
2011-10-19,,,,310,0
2011-10-20,,,,170,0
2011-10-21,,,,210,0
2011-10-22,,,,210,0
2011-10-23,,,,350,0
2011-10-24,,,,310,0
2011-10-25,,,,350,0
2011-10-26,Diwali | Lakshmi Puja,Krishna Amavasya,Kartika,520,1
2011-10-27,,,,520,0
2011-10-28,,,,720,0
2011-10-29,,,,720,0
2011-10-30,,,,520,0
2011-10-31,,,,620,0
2011-11-01,,,,820,0
2011-11-02,,,,620,0
2011-11-03,,,,370,0
2011-11-04,,,,370,0
2011-11-05,,,,290,0
2011-11-06,,,,290,0
2011-11-07,Tulasi Vivah,Shukla Dwadashi,Kartika,210,1
2011-11-08,,,,170,0
2011-11-09,,,,170,0
2011-11-10,,,,270,0
2011-11-11,,,,720,0
2011-11-12,,,,310,0
2011-11-13,,,,310,0
2011-11-14,,,,250,0
2011-11-15,,,,370,0
2011-11-16,,,,250,0
2011-11-17,,,,330,0
2011-11-18,,,,420,0
2011-11-19,,,,260,0
2011-11-20,,,,250,0
2011-11-21,,,,250,0
2011-11-22,,,,520,0
2011-11-23,,,,420,0
2011-11-24,,,,520,0
2011-11-25,,,,820,0
2011-11-26,,,,820,0
2011-11-27,,,,310,0
2011-11-28,,,,420,0
2011-11-29,,,,620,0
2011-11-30,,,,720,0
2011-12-01,,,,620,0
2011-12-02,,,,820,0
2011-12-03,,,,820,0
2011-12-04,,,,820,0
2011-12-05,,,,720,0
2011-12-06,,,,620,0
2011-12-07,,,,420,0
2011-12-08,,,,820,0
2011-12-09,,,,520,0
2011-12-10,,,,420,0
2011-12-11,,,,210,0
2011-12-12,,,,210,0
2011-12-13,,,,310,0
2011-12-14,,,,520,0
2011-12-15,,,,520,0
2011-12-16,,,,820,0
2011-12-17,,,,820,0
2011-12-18,,,,820,0
2011-12-19,,,,520,0
2011-12-20,,,,250,0
2011-12-21,,,,520,0
2011-12-22,,,,310,0
2011-12-23,,,,310,0
2011-12-24,,,,620,0
2011-12-25,Christmas,,Pausha,820,1
2011-12-26,,,,520,0
2011-12-27,,,,520,0
2011-12-28,,,,720,0
2011-12-29,,,,720,0
2011-12-30,,,,820,0
2011-12-31,,,,820,0
2012-01-01,,,,250,0
2012-01-02,,,,250,0
2012-01-03,,,,170,0
2012-01-04,,,,210,0
2012-01-05,,,,420,0
2012-01-06,,,,290,0
2012-01-07,,,,310,0
2012-01-08,,,,350,0
2012-01-09,,,,250,0
2012-01-10,,,,290,0
2012-01-11,,,,820,0
2012-01-12,,,,620,0
2012-01-13,,,,820,0
2012-01-14,,,,820,0
2012-01-15,Makara Sankranti,Dhanu to Makara transit of Sun,Magha,820,1
2012-01-16,,,,520,0
2012-01-17,,,,720,0
2012-01-18,,,,520,0
2012-01-19,,,,660,0
2012-01-20,,,,660,0
2012-01-21,,,,620,0
2012-01-22,,,,460,0
2012-01-23,,,,370,0
2012-01-24,,,,620,0
2012-01-25,,,,660,0
2012-01-26,,,,720,0
2012-01-27,,,,820,0
2012-01-28,,,,820,0
2012-01-29,,,,720,0
2012-01-30,,,,420,0
2012-01-31,,,,250,0
2012-02-01,,,,460,0
2012-02-02,,,,420,0
2012-02-03,,,,290,0
2012-02-04,,,,460,0
2012-02-05,,,,250,0
2012-02-06,,,,210,0
2012-02-07,,,,230,0
2012-02-08,,,,350,0
2012-02-09,,,,460,0
2012-02-10,,,,460,0
2012-02-11,,,,820,0
2012-02-12,,,,420,0
2012-02-13,,,,330,0
2012-02-14,,,,330,0
2012-02-15,,,,290,0
2012-02-16,,,,420,0
2012-02-17,,,,350,0
2012-02-18,,,,660,0
2012-02-19,,,,270,0
2012-02-20,Maha Shivaratri,Krishna Chaturdashi,Phalguna,270,1
2012-02-21,,,,250,0
2012-02-22,,,,230,0
2012-02-23,,,,330,0
2012-02-24,,,,370,0
2012-02-25,,,,660,0
2012-02-26,,,,420,0
2012-02-27,,,,310,0
2012-02-28,,,,250,0
2012-02-29,,,,420,0
2012-03-01,,,,270,0
2012-03-02,,,,290,0
2012-03-03,,,,290,0
2012-03-04,,,,210,0
2012-03-05,,,,150,0
2012-03-06,,,,150,0
2012-03-07,,,,150,0
2012-03-08,,,,150,0
2012-03-09,,,,250,0
2012-03-10,,,,390,0
2012-03-11,,,,230,0
2012-03-12,,,,150,0
2012-03-13,,,,170,0
2012-03-14,,,,230,0
2012-03-15,,,,230,0
2012-03-16,,,,110,0
2012-03-17,,,,110,0
2012-03-18,,,,110,0
2012-03-19,,,,110,0
2012-03-20,,,,90,0
2012-03-21,,,,150,0
2012-03-22,,,,150,0
2012-03-23,Ugadi,Shukla Pratipada,Chaitra,230,1
2012-03-24,,,,620,0
2012-03-25,,,,110,0
2012-03-26,,,,130,0
2012-03-27,,,,170,0
2012-03-28,,,,210,0
2012-03-29,,,,190,0
2012-03-30,,,,150,0
2012-03-31,,,,210,0
2012-04-01,Rama Navami,Shukla Navami,Chaitra,250,1
2012-04-02,,,,130,0
2012-04-03,,,,130,0
2012-04-04,,,,150,0
2012-04-05,,,,270,0
2012-04-06,,,,290,0
2012-04-07,,,,270,0
2012-04-08,,,,150,0
2012-04-09,,,,170,0
2012-04-10,,,,150,0
2012-04-11,,,,270,0
2012-04-12,,,,230,0
2012-04-13,,,,270,0
2012-04-14,,,,420,0
2012-04-15,,,,230,0
2012-04-16,,,,190,0
2012-04-17,,,,130,0
2012-04-18,,,,230,0
2012-04-19,,,,270,0
2012-04-20,,,,170,0
2012-04-21,,,,170,0
2012-04-22,,,,170,0
2012-04-23,,,,290,0
2012-04-24,,,,440,0
2012-04-25,,,,670,0
2012-04-26,,,,460,0
2012-04-27,,,,560,0
2012-04-28,,,,640,0
2012-04-29,,,,350,0
2012-04-30,,,,210,0
2012-05-01,,,,310,0
2012-05-02,,,,350,0
2012-05-03,,,,210,0
2012-05-04,,,,290,0
2012-05-05,,,,250,0
2012-05-06,,,,420,0
2012-05-07,,,,250,0
2012-05-08,,,,170,0
2012-05-09,,,,150,0
2012-05-10,,,,150,0
2012-05-11,,,,170,0
2012-05-12,,,,110,0
2012-05-13,,,,190,0
2012-05-14,,,,210,0
2012-05-15,,,,70,0
2012-05-16,,,,45,0
2012-05-17,,,,110,0
2012-05-18,,,,130,0
2012-05-19,,,,70,0
2012-05-20,,,,70,0
2012-05-21,,,,90,0
2012-05-22,,,,130,0
2012-05-23,,,,250,0
2012-05-24,,,,130,0
2012-05-25,,,,150,0
2012-05-26,,,,230,0
2012-05-27,,,,310,0
2012-05-28,,,,350,0
2012-05-29,,,,520,0
2012-05-30,,,,820,0
2012-05-31,Ganga Dussehra,Shukla Dashami,Jyeshtha,130,1
2012-06-01,,,,150,0
2012-06-02,,,,150,0
2012-06-03,,,,170,0
2012-06-04,,,,90,0
2012-06-05,,,,70,0
2012-06-06,,,,110,0
2012-06-07,,,,110,0
2012-06-08,,,,110,0
2012-06-09,,,,110,0
2012-06-10,,,,90,0
2012-06-11,,,,90,0
2012-06-12,,,,130,0
2012-06-13,,,,210,0
2012-06-14,,,,330,0
2012-06-15,,,,110,0
2012-06-16,,,,110,0
2012-06-17,,,,90,0
2012-06-18,,,,110,0
2012-06-19,,,,110,0
2012-06-20,,,,110,0
2012-06-21,,,,150,0
2012-06-22,,,,190,0
2012-06-23,,,,2909,0
2012-06-24,,,,150,0
2012-06-25,,,,190,0
2012-06-26,,,,170,0
2012-06-27,,,,270,0
2012-06-28,,,,350,0
2012-06-29,,,,210,0
2012-06-30,,,,250,0
2012-07-01,,,,150,0
2012-07-02,,,,150,0
2012-07-03,Guru Purnima,Shukla Purnima,Ashadha,90,1
2012-07-04,,,,90,0
2012-07-05,,,,90,0
2012-07-06,,,,90,0
2012-07-07,,,,90,0
2012-07-08,,,,110,0
2012-07-09,,,,90,0
2012-07-10,,,,130,0
2012-07-11,,,,330,0
2012-07-12,,,,330,0
2012-07-13,,,,210,0
2012-07-14,,,,420,0
2012-07-15,,,,520,0
2012-07-16,,,,520,0
2012-07-17,,,,330,0
2012-07-18,,,,350,0
2012-07-19,,,,620,0
2012-07-20,,,,310,0
2012-07-21,,,,420,0
2012-07-22,,,,460,0
2012-07-23,Nag Panchami,Shukla Panchami,Shravana,290,1
2012-07-24,,,,170,0
2012-07-25,,,,230,0
2012-07-26,,,,290,0
2012-07-27,Varalakshmi Vrat,Friday before Shravana Purnima,Shravana,230,1
2012-07-28,,,,210,0
2012-07-29,,,,130,0
2012-07-30,,,,150,0
2012-07-31,,,,130,0
2012-08-01,,,,110,0
2012-08-02,,,,190,0
2012-08-03,,,,130,0
2012-08-04,,,,70,0
2012-08-05,,,,90,0
2012-08-06,,,,70,0
2012-08-07,,,,70,0
2012-08-08,,,,110,0
2012-08-09,Janmashtami *Smarta,Krishna Ashtami,Bhadrapada,130,1
2012-08-10,Janmashtami *ISKCON,Krishna Ashtami,Bhadrapada,130,1
2012-08-11,,,,170,0
2012-08-12,,,,110,0
2012-08-13,,,,170,0
2012-08-14,,,,210,0
2012-08-15,,,,210,0
2012-08-16,,,,420,0
2012-08-17,,,,370,0
2012-08-18,,,,370,0
2012-08-19,Eid ul-Fitr,,,460,1
2012-08-20,,,,230,0
2012-08-21,,,,280,0
2012-08-22,,,,330,0
2012-08-23,,,,330,0
2012-08-24,,,,330,0
2012-08-25,,,,420,0
2012-08-26,,,,250,0
2012-08-27,,,,420,0
2012-08-28,,,,520,0
2012-08-29,,,,520,0
2012-08-30,,,,520,0
2012-08-31,,,,820,0
2012-09-01,,,,820,0
2012-09-02,,,,820,0
2012-09-03,,,,420,0
2012-09-04,,,,330,0
2012-09-05,,,,420,0
2012-09-06,,,,820,0
2012-09-07,,,,820,0
2012-09-08,,,,820,0
2012-09-09,,,,620,0
2012-09-10,,,,660,0
2012-09-11,,,,520,0
2012-09-12,,,,310,0
2012-09-13,,,,270,0
2012-09-14,,,,230,0
2012-09-15,,,,230,0
2012-09-16,,,,270,0
2012-09-17,,,,350,0
2012-09-18,,,,290,0
2012-09-19,Ganesh Chaturthi,Shukla Chaturthi,Bhadrapada,230,1
2012-09-20,,,,230,0
2012-09-21,,,,230,0
2012-09-22,,,,520,0
2012-09-23,,,,230,0
2012-09-24,,,,250,0
2012-09-25,,,,210,0
2012-09-26,,,,420,0
2012-09-27,,,,520,0
2012-09-28,,,,540,0
2012-09-29,Anant Chaturdashi | Ganesh Visarjan,Shukla Chaturdashi,Bhadrapada,610,1
2012-09-30,,,,270,0
2012-10-01,,,,270,0
2012-10-02,,,,130,0
2012-10-03,,,,150,0
2012-10-04,,,,170,0
2012-10-05,,,,130,0
2012-10-06,,,,90,0
2012-10-07,,,,110,0
2012-10-08,,,,170,0
2012-10-09,,,,90,0
2012-10-10,,,,90,0
2012-10-11,,,,170,0
2012-10-12,,,,150,0
2012-10-13,,,,190,0
2012-10-14,,,,250,0
2012-10-15,,,,250,0
2012-10-16,Navratri Begins,Shukla Pratipada,Ashwina,420,1
2012-10-17,,,,420,0
2012-10-18,,,,440,0
2012-10-19,,,,560,0
2012-10-20,,,,720,0
2012-10-21,Saraswati Puja,Purva Ashadha Nakshatra,Ashwina,820,1
2012-10-22,Durga Ashtami,Shukla Ashtami,Ashwina,820,1
2012-10-23,,,,820,0
2012-10-24,Dussehra | Vijayadashami,Shukla Dashami,Ashwina,820,1
2012-10-25,,,,820,0
2012-10-26,,,,820,0
2012-10-27,,,,820,0
2012-10-28,,,,820,0
2012-10-29,,,,820,0
2012-10-30,,,,660,0
2012-10-31,,,,820,0
2012-11-01,,,,820,0
2012-11-02,,,,620,0
2012-11-03,,,,330,0
2012-11-04,,,,370,0
2012-11-05,,,,270,0
2012-11-06,,,,170,0
2012-11-07,,,,210,0
2012-11-08,,,,230,0
2012-11-09,,,,250,0
2012-11-10,,,,420,0
2012-11-11,,,,270,0
2012-11-12,,,,520,0
2012-11-13,Diwali | Lakshmi Puja,Krishna Amavasya,Kartika,310,1
2012-11-14,,,,310,0
2012-11-15,,,,460,0
2012-11-16,,,,820,0
2012-11-17,,,,820,0
2012-11-18,,,,420,0
2012-11-19,,,,250,0
2012-11-20,,,,290,0
2012-11-21,,,,350,0
2012-11-22,,,,820,0
2012-11-23,,,,420,0
2012-11-24,,,,460,0
2012-11-25,Tulasi Vivah,Shukla Dwadashi,Kartika,460,1
2012-11-26,,,,370,0
2012-11-27,,,,520,0
2012-11-28,,,,820,0
2012-11-29,,,,820,0
2012-11-30,,,,820,0
2012-12-01,,,,820,0
2012-12-02,,,,820,0
2012-12-03,,,,820,0
2012-12-04,,,,820,0
2012-12-05,,,,420,0
2012-12-06,,,,420,0
2012-12-07,,,,420,0
2012-12-08,,,,820,0
2012-12-09,,,,330,0
2012-12-10,,,,310,0
2012-12-11,,,,330,0
2012-12-12,,,,370,0
2012-12-13,,,,720,0
2012-12-14,,,,820,0
2012-12-15,,,,820,0
2012-12-16,,,,670,0
2012-12-17,,,,370,0
2012-12-18,,,,290,0
2012-12-19,,,,520,0
2012-12-20,,,,390,0
2012-12-21,,,,330,0
2012-12-22,,,,330,0
2012-12-23,,,,210,0
2012-12-24,,,,230,0
2012-12-25,Christmas,,Pausha,820,1
2012-12-26,,,,820,0
2012-12-27,,,,720,0
2012-12-28,,,,660,0
2012-12-29,,,,820,0
2012-12-30,,,,620,0
2012-12-31,,,,420,0
2013-01-01,,,,420,0
2013-01-02,,,,620,0
2013-01-03,,,,560,0
2013-01-04,,,,820,0
2013-01-05,,,,820,0
2013-01-06,,,,620,0
2013-01-07,,,,520,0
2013-01-08,,,,330,0
2013-01-09,,,,350,0
2013-01-10,,,,370,0
2013-01-11,,,,460,0
2013-01-12,,,,720,0
2013-01-13,,,,620,0
2013-01-14,Makara Sankranti,Dhanu to Makara transit of Sun,Pausha,460,1
2013-01-15,,,,620,0
2013-01-16,,,,820,0
2013-01-17,,,,820,0
2013-01-18,,,,720,0
2013-01-19,,,,520,0
2013-01-20,,,,370,0
2013-01-21,,,,390,0
2013-01-22,,,,420,0
2013-01-23,,,,330,0
2013-01-24,,,,390,0
2013-01-25,,,,520,0
2013-01-26,,,,620,0
2013-01-27,,,,290,0
2013-01-28,,,,250,0
2013-01-29,,,,250,0
2013-01-30,,,,270,0
2013-01-31,,,,420,0
2013-02-01,,,,620,0
2013-02-02,,,,420,0
2013-02-03,,,,210,0
2013-02-04,,,,230,0
2013-02-05,,,,170,0
2013-02-06,,,,210,0
2013-02-07,,,,250,0
2013-02-08,,,,270,0
2013-02-09,,,,350,0
2013-02-10,,,,420,0
2013-02-11,,,,440,0
2013-02-12,,,,720,0
2013-02-13,,,,820,0
2013-02-14,,,,820,0
2013-02-15,,,,440,0
2013-02-16,,,,460,0
2013-02-17,,,,460,0
2013-02-18,,,,620,0
2013-02-19,,,,620,0
2013-02-20,,,,250,0
2013-02-21,,,,370,0
2013-02-22,,,,310,0
2013-02-23,,,,370,0
2013-02-24,,,,390,0
2013-02-25,,,,390,0
2013-02-26,,,,250,0
2013-02-27,,,,210,0
2013-02-28,,,,210,0
2013-03-01,,,,210,0
2013-03-02,,,,210,0
2013-03-03,,,,170,0
2013-03-04,,,,130,0
2013-03-05,,,,110,0
2013-03-06,,,,130,0
2013-03-07,,,,130,0
2013-03-08,,,,130,0
2013-03-09,,,,150,0
2013-03-10,Maha Shivaratri,Krishna Chaturdashi,Phalguna,170,1
2013-03-11,,,,110,0
2013-03-12,,,,110,0
2013-03-13,,,,270,0
2013-03-14,,,,290,0
2013-03-15,,,,230,0
2013-03-16,,,,210,0
2013-03-17,,,,210,0
2013-03-18,,,,190,0
2013-03-19,,,,170,0
2013-03-20,,,,110,0
2013-03-21,,,,170,0
2013-03-22,,,,110,0
2013-03-23,,,,170,0
2013-03-24,,,,230,0
2013-03-25,,,,210,0
2013-03-26,,,,270,0
2013-03-27,,,,170,0
2013-03-28,,,,230,0
2013-03-29,,,,270,0
2013-03-30,,,,310,0
2013-03-31,,,,230,0
2013-04-01,,,,290,0
2013-04-02,,,,110,0
2013-04-03,,,,130,0
2013-04-04,,,,150,0
2013-04-05,,,,130,0
2013-04-06,,,,130,0
2013-04-07,,,,150,0
2013-04-08,,,,150,0
2013-04-09,,,,110,0
2013-04-10,,,,150,0
2013-04-11,Ugadi,Shukla Pratipada,Chaitra,210,1
2013-04-12,,,,190,0
2013-04-13,,,,420,0
2013-04-14,,,,250,0
2013-04-15,,,,150,0
2013-04-16,,,,150,0
2013-04-17,,,,250,0
2013-04-18,,,,270,0
2013-04-19,Rama Navami,Shukla Navami,Chaitra,520,1
2013-04-20,,,,440,0
2013-04-21,,,,270,0
2013-04-22,,,,290,0
2013-04-23,,,,310,0
2013-04-24,,,,620,0
2013-04-25,,,,420,0
2013-04-26,,,,390,0
2013-04-27,,,,460,0
2013-04-28,,,,620,0
2013-04-29,,,,270,0
2013-04-30,,,,520,0
2013-05-01,,,,420,0
2013-05-02,,,,420,0
2013-05-03,,,,210,0
2013-05-04,,,,150,0
2013-05-05,,,,90,0
2013-05-06,,,,110,0
2013-05-07,,,,150,0
2013-05-08,,,,170,0
2013-05-09,,,,170,0
2013-05-10,,,,190,0
2013-05-11,,,,620,0
2013-05-12,,,,460,0
2013-05-13,,,,420,0
2013-05-14,,,,420,0
2013-05-15,,,,390,0
2013-05-16,,,,370,0
2013-05-17,,,,310,0
2013-05-18,,,,270,0
2013-05-19,,,,310,0
2013-05-20,,,,170,0
2013-05-21,,,,150,0
2013-05-22,,,,310,0
2013-05-23,,,,150,0
2013-05-24,,,,150,0
2013-05-25,,,,170,0
2013-05-26,,,,190,0
2013-05-27,,,,170,0
2013-05-28,,,,190,0
2013-05-29,,,,150,0
2013-05-30,,,,210,0
2013-05-31,,,,210,0
2013-06-01,,,,390,0
2013-06-02,,,,390,0
2013-06-03,,,,190,0
2013-06-04,,,,150,0
2013-06-05,,,,110,0
2013-06-06,,,,130,0
2013-06-07,,,,170,0
2013-06-08,,,,290,0
2013-06-09,,,,150,0
2013-06-10,,,,130,0
2013-06-11,,,,150,0
2013-06-12,,,,210,0
2013-06-13,,,,330,0
2013-06-14,,,,170,0
2013-06-15,,,,150,0
2013-06-16,,,,70,0
2013-06-17,,,,70,0
2013-06-18,Ganga Dussehra,Shukla Dashami,Jyeshtha,70,1
2013-06-19,,,,90,0
2013-06-20,,,,70,0
2013-06-21,,,,70,0
2013-06-22,,,,90,0
2013-06-23,,,,110,0
2013-06-24,,,,90,0
2013-06-25,,,,90,0
2013-06-26,,,,110,0
2013-06-27,,,,210,0
2013-06-28,,,,230,0
2013-06-29,,,,270,0
2013-06-30,,,,270,0
2013-07-01,,,,310,0
2013-07-02,,,,210,0
2013-07-03,,,,310,0
2013-07-04,,,,420,0
2013-07-05,,,,620,0
2013-07-06,,,,350,0
2013-07-07,,,,520,0
2013-07-08,,,,720,0
2013-07-09,,,,820,0
2013-07-10,,,,820,0
2013-07-11,,,,820,0
2013-07-12,,,,820,0
2013-07-13,,,,820,0
2013-07-14,,,,820,0
2013-07-15,,,,820,0
2013-07-16,,,,520,0
2013-07-17,,,,350,0
2013-07-18,,,,350,0
2013-07-19,,,,370,0
2013-07-20,,,,270,0
2013-07-21,,,,210,0
2013-07-22,Guru Purnima,Shukla Purnima,Ashadha,170,1
2013-07-23,,,,270,0
2013-07-24,,,,170,0
2013-07-25,,,,190,0
2013-07-26,,,,130,0
2013-07-27,,,,210,0
2013-07-28,,,,190,0
2013-07-29,,,,210,0
2013-07-30,,,,170,0
2013-07-31,,,,130,0
2013-08-01,,,,210,0
2013-08-02,,,,330,0
2013-08-03,,,,310,0
2013-08-04,,,,520,0
2013-08-05,,,,460,0
2013-08-06,,,,620,0
2013-08-07,,,,520,0
2013-08-08,,,,420,0
2013-08-09,Eid ul-Fitr,,,520,1
2013-08-10,,,,560,0
2013-08-11,Nag Panchami,Shukla Panchami,Shravana,230,1
2013-08-12,,,,270,0
2013-08-13,,,,330,0
2013-08-14,,,,720,0
2013-08-15,,,,560,0
2013-08-16,Varalakshmi Vrat,Friday before Shravana Purnima,Shravana,720,1
2013-08-17,,,,820,0
2013-08-18,,,,820,0
2013-08-19,,,,720,0
2013-08-20,,,,660,0
2013-08-21,,,,620,0
2013-08-22,,,,820,0
2013-08-23,,,,820,0
2013-08-24,,,,820,0
2013-08-25,,,,720,0
2013-08-26,,,,660,0
2013-08-27,,,,560,0
2013-08-28,Krishna Janmashtami,Krishna Ashtami,Bhadrapada,820,1
2013-08-29,,,,620,0
2013-08-30,,,,330,0
2013-08-31,,,,420,0
2013-09-01,,,,250,0
2013-09-02,,,,210,0
2013-09-03,,,,210,0
2013-09-04,,,,290,0
2013-09-05,,,,520,0
2013-09-06,,,,520,0
2013-09-07,,,,820,0
2013-09-08,,,,820,0
2013-09-09,Ganesh Chaturthi,Shukla Chaturthi,Bhadrapada,330,1
2013-09-10,,,,270,0
2013-09-11,,,,210,0
2013-09-12,,,,330,0
2013-09-13,,,,270,0
2013-09-14,,,,330,0
2013-09-15,,,,460,0
2013-09-16,,,,420,0
2013-09-17,,,,310,0
2013-09-18,Anant Chaturdashi | Ganesh Visarjan,Shukla Chaturdashi,Bhadrapada,170,1
2013-09-19,,,,330,0
2013-09-20,,,,150,0
2013-09-21,,,,150,0
2013-09-22,,,,130,0
2013-09-23,,,,150,0
2013-09-24,,,,90,0
2013-09-25,,,,90,0
2013-09-26,,,,110,0
2013-09-27,,,,130,0
2013-09-28,,,,210,0
2013-09-29,,,,170,0
2013-09-30,,,,210,0
2013-10-01,,,,210,0
2013-10-02,,,,560,0
2013-10-03,,,,620,0
2013-10-04,,,,820,0
2013-10-05,Navratri Begins,Shukla Pratipada,Ashwina,820,1
2013-10-06,,,,820,0
2013-10-07,,,,820,0
2013-10-08,,,,820,0
2013-10-09,,,,820,0
2013-10-10,,,,820,0
2013-10-11,Saraswati Puja,Purva Ashadha Nakshatra,Ashwina,820,1
2013-10-12,Durga Ashtami,Shukla Ashtami,Ashwina,820,1
2013-10-13,Dussehra | Vijayadashami,Shukla Dashami,Ashwina,820,1
2013-10-14,,,,820,0
2013-10-15,,,,720,0
2013-10-16,,,,420,0
2013-10-17,,,,820,0
2013-10-18,,,,460,0
2013-10-19,,,,420,0
2013-10-20,,,,420,0
2013-10-21,,,,370,0
2013-10-22,,,,520,0
2013-10-23,,,,270,0
2013-10-24,,,,270,0
2013-10-25,,,,210,0
2013-10-26,,,,210,0
2013-10-27,,,,170,0
2013-10-28,,,,170,0
2013-10-29,,,,170,0
2013-10-30,,,,310,0
2013-10-31,,,,370,0
2013-11-01,,,,460,0
2013-11-02,,,,820,0
2013-11-03,Diwali | Lakshmi Puja,Krishna Amavasya,Kartika,820,1
2013-11-04,,,,460,0
2013-11-05,,,,520,0
2013-11-06,,,,820,0
2013-11-07,,,,720,0
2013-11-08,,,,820,0
2013-11-09,,,,820,0
2013-11-10,,,,520,0
2013-11-11,,,,520,0
2013-11-12,,,,460,0
2013-11-13,,,,820,0
2013-11-14,Tulasi Vivah,Shukla Dwadashi,Kartika,720,1
2013-11-15,,,,560,0
2013-11-16,,,,720,0
2013-11-17,,,,620,0
2013-11-18,,,,820,0
2013-11-19,,,,820,0
2013-11-20,,,,350,0
2013-11-21,,,,460,0
2013-11-22,,,,560,0
2013-11-23,,,,720,0
2013-11-24,,,,820,0
2013-11-25,,,,310,0
2013-11-26,,,,370,0
2013-11-27,,,,370,0
2013-11-28,,,,370,0
2013-11-29,,,,310,0
2013-11-30,,,,250,0
2013-12-01,,,,210,0
2013-12-02,,,,210,0
2013-12-03,,,,210,0
2013-12-04,,,,310,0
2013-12-05,,,,520,0
2013-12-06,,,,640,0
2013-12-07,,,,820,0
2013-12-08,,,,460,0
2013-12-09,,,,560,0
2013-12-10,,,,820,0
2013-12-11,,,,820,0
2013-12-12,,,,820,0
2013-12-13,,,,820,0
2013-12-14,,,,820,0
2013-12-15,,,,720,0
2013-12-16,,,,620,0
2013-12-17,,,,720,0
2013-12-18,,,,820,0
2013-12-19,,,,820,0
2013-12-20,,,,820,0
2013-12-21,,,,820,0
2013-12-22,,,,820,0
2013-12-23,,,,820,0
2013-12-24,,,,820,0
2013-12-25,Christmas,,Pausha,820,1
2013-12-26,,,,820,0
2013-12-27,,,,820,0
2013-12-28,,,,520,0
2013-12-29,,,,310,0
2013-12-30,,,,230,0
2013-12-31,,,,230,0
2014-01-01,,,,240,0
2014-01-02,,,,520,0
2014-01-03,,,,420,0
2014-01-04,,,,660,0
2014-01-05,,,,370,0
2014-01-06,,,,330,0
2014-01-07,,,,330,0
2014-01-08,,,,420,0
2014-01-09,,,,520,0
2014-01-10,,,,460,0
2014-01-11,,,,820,0
2014-01-12,,,,460,0
2014-01-13,,,,620,0
2014-01-14,Makara Sankranti,Dhanu to Makara transit of Sun,Pausha,520,1
2014-01-15,,,,520,0
2014-01-16,,,,820,0
2014-01-17,,,,820,0
2014-01-18,,,,820,0
2014-01-19,,,,560,0
2014-01-20,,,,460,0
2014-01-21,,,,460,0
2014-01-22,,,,820,0
2014-01-23,,,,660,0
2014-01-24,,,,620,0
2014-01-25,,,,820,0
2014-01-26,,,,310,0
2014-01-27,,,,250,0
2014-01-28,,,,230,0
2014-01-29,,,,210,0
2014-01-30,,,,230,0
2014-01-31,,,,290,0
2014-02-01,,,,620,0
2014-02-02,,,,330,0
2014-02-03,,,,210,0
2014-02-04,,,,310,0
2014-02-05,,,,210,0
2014-02-06,,,,290,0
2014-02-07,,,,270,0
2014-02-08,,,,820,0
2014-02-09,,,,270,0
2014-02-10,,,,270,0
2014-02-11,,,,270,0
2014-02-12,,,,370,0
2014-02-13,,,,420,0
2014-02-14,,,,420,0
2014-02-15,,,,390,0
2014-02-16,,,,520,0
2014-02-17,,,,520,0
2014-02-18,,,,620,0
2014-02-19,,,,460,0
2014-02-20,,,,460,0
2014-02-21,,,,390,0
2014-02-22,,,,520,0
2014-02-23,,,,560,0
2014-02-24,,,,330,0
2014-02-25,,,,210,0
2014-02-26,,,,210,0
2014-02-27,Maha Shivaratri,Krishna Chaturdashi,Phalguna,270,1
2014-02-28,,,,270,0
2014-03-01,,,,310,0
2014-03-02,,,,230,0
2014-03-03,,,,130,0
2014-03-04,,,,270,0
2014-03-05,,,,250,0
2014-03-06,,,,290,0
2014-03-07,,,,270,0
2014-03-08,,,,520,0
2014-03-09,,,,210,0
2014-03-10,,,,170,0
2014-03-11,,,,150,0
2014-03-12,,,,170,0
2014-03-13,,,,230,0
2014-03-14,,,,330,0
2014-03-15,,,,330,0
2014-03-16,,,,460,0
2014-03-17,,,,310,0
2014-03-18,,,,250,0
2014-03-19,,,,370,0
2014-03-20,,,,250,0
2014-03-21,,,,310,0
2014-03-22,,,,170,0
2014-03-23,,,,210,0
2014-03-24,,,,210,0
2014-03-25,,,,170,0
2014-03-26,,,,170,0
2014-03-27,,,,170,0
2014-03-28,,,,210,0
2014-03-29,,,,190,0
2014-03-30,,,,290,0
2014-03-31,Ugadi,Shukla Pratipada,Chaitra,250,1
2014-04-01,,,,230,0
2014-04-02,,,,150,0
2014-04-03,,,,170,0
2014-04-04,,,,210,0
2014-04-05,,,,210,0
2014-04-06,,,,290,0
2014-04-07,,,,250,0
2014-04-08,Rama Navami,Shukla Navami,Chaitra,230,1
2014-04-09,,,,210,0
2014-04-10,,,,250,0
2014-04-11,,,,310,0
2014-04-12,,,,330,0
2014-04-13,,,,390,0
2014-04-14,,,,370,0
2014-04-15,,,,370,0
2014-04-16,,,,170,0
2014-04-17,,,,170,0
2014-04-18,,,,210,0
2014-04-19,,,,420,0
2014-04-20,,,,190,0
2014-04-21,,,,130,0
2014-04-22,,,,150,0
2014-04-23,,,,310,0
2014-04-24,,,,250,0
2014-04-25,,,,150,0
2014-04-26,,,,230,0
2014-04-27,,,,250,0
2014-04-28,,,,190,0
2014-04-29,,,,190,0
2014-04-30,,,,330,0
2014-05-01,,,,420,0
2014-05-02,,,,270,0
2014-05-03,,,,350,0
2014-05-04,,,,460,0
2014-05-05,,,,330,0
2014-05-06,,,,230,0
2014-05-07,,,,390,0
2014-05-08,,,,390,0
2014-05-09,,,,420,0
2014-05-10,,,,560,0
2014-05-11,,,,560,0
2014-05-12,,,,310,0
2014-05-13,,,,390,0
2014-05-14,,,,460,0
2014-05-15,,,,210,0
2014-05-16,,,,150,0
2014-05-17,,,,270,0
2014-05-18,,,,390,0
2014-05-19,,,,150,0
2014-05-20,,,,170,0
2014-05-21,,,,210,0
2014-05-22,,,,290,0
2014-05-23,,,,230,0
2014-05-24,,,,210,0
2014-05-25,,,,170,0
2014-05-26,,,,110,0
2014-05-27,,,,90,0
2014-05-28,,,,90,0
2014-05-29,,,,190,0
2014-05-30,,,,130,0
2014-05-31,,,,150,0
2014-06-01,,,,110,0
2014-06-02,,,,90,0
2014-06-03,,,,90,0
2014-06-04,,,,110,0
2014-06-05,,,,90,0
2014-06-06,,,,110,0
2014-06-07,,,,190,0
2014-06-08,Ganga Dussehra,Shukla Dashami,Jyeshtha,150,1
2014-06-09,,,,110,0
2014-06-10,,,,110,0
2014-06-11,,,,190,0
2014-06-12,,,,170,0
2014-06-13,,,,230,0
2014-06-14,,,,250,0
2014-06-15,,,,390,0
2014-06-16,,,,190,0
2014-06-17,,,,90,0
2014-06-18,,,,130,0
2014-06-19,,,,150,0
2014-06-20,,,,190,0
2014-06-21,,,,210,0
2014-06-22,,,,90,0
2014-06-23,,,,130,0
2014-06-24,,,,90,0
2014-06-25,,,,90,0
2014-06-26,,,,110,0
2014-06-27,,,,170,0
2014-06-28,,,,150,0
2014-06-29,,,,150,0
2014-06-30,,,,150,0
2014-07-01,,,,110,0
2014-07-02,,,,110,0
2014-07-03,,,,130,0
2014-07-04,,,,10,0
2014-07-05,,,,150,0
2014-07-06,,,,130,0
2014-07-07,,,,90,0
2014-07-08,,,,90,0
2014-07-09,,,,90,0
2014-07-10,,,,150,0
2014-07-11,,,,190,0
2014-07-12,Guru Purnima,Shukla Purnima,Ashadha,230,1
2014-07-13,,,,210,0
2014-07-14,,,,370,0
2014-07-15,,,,310,0
2014-07-16,,,,270,0
2014-07-17,,,,270,0
2014-07-18,,,,190,0
2014-07-19,,,,170,0
2014-07-20,,,,150,0
2014-07-21,,,,170,0
2014-07-22,,,,190,0
2014-07-23,,,,150,0
2014-07-24,,,,190,0
2014-07-25,,,,230,0
2014-07-26,,,,230,0
2014-07-27,,,,330,0
2014-07-28,,,,420,0
2014-07-29,Eid ul-Fitr,,,330,1
2014-07-30,,,,420,0
2014-07-31,,,,520,0
2014-08-01,Nag Panchami,Shukla Panchami,Shravana,420,1
2014-08-02,,,,620,0
2014-08-03,,,,520,0
2014-08-04,,,,370,0
2014-08-05,,,,290,0
2014-08-06,,,,720,0
2014-08-07,,,,620,0
2014-08-08,Varalakshmi Vrat,Friday before Shravana Purnima,Shravana,820,1
2014-08-09,,,,820,0
2014-08-10,,,,820,0
2014-08-11,,,,820,0
2014-08-12,,,,820,0
2014-08-13,,,,820,0
2014-08-14,,,,820,0
2014-08-15,,,,820,0
2014-08-16,,,,820,0
2014-08-17,Janmashtami *Smarta,Krishna Ashtami,Bhadrapada,620,1
2014-08-18,Janmashtami *ISKCON,Krishna Ashtami,Bhadrapada,310,1
2014-08-19,,,,370,0
2014-08-20,,,,250,0
2014-08-21,,,,310,0
2014-08-22,,,,270,0
2014-08-23,,,,250,0
2014-08-24,,,,170,0
2014-08-25,,,,250,0
2014-08-26,,,,310,0
2014-08-27,,,,720,0
2014-08-28,,,,810,0
2014-08-29,Ganesh Chaturthi,Shukla Chaturthi,Bhadrapada,620,1
2014-08-30,,,,820,0
2014-08-31,,,,820,0
2014-09-01,,,,420,0
2014-09-02,,,,520,0
2014-09-03,,,,820,0
2014-09-04,,,,620,0
2014-09-05,,,,520,0
2014-09-06,,,,820,0
2014-09-07,,,,520,0
2014-09-08,Anant Chaturdashi | Ganesh Visarjan,Shukla Chaturdashi,Bhadrapada,310,1
2014-09-09,,,,250,0
2014-09-10,,,,230,0
2014-09-11,,,,230,0
2014-09-12,,,,170,0
2014-09-13,,,,130,0
2014-09-14,,,,210,0
2014-09-15,,,,250,0
2014-09-16,,,,210,0
2014-09-17,,,,170,0
2014-09-18,,,,290,0
2014-09-19,,,,230,0
2014-09-20,,,,250,0
2014-09-21,,,,270,0
2014-09-22,,,,420,0
2014-09-23,,,,330,0
2014-09-24,,,,820,0
2014-09-25,Navratri Begins,Shukla Pratipada,Ashwina,820,1
2014-09-26,,,,820,0
2014-09-27,,,,820,0
2014-09-28,,,,820,0
2014-09-29,,,,820,0
2014-09-30,,,,820,0
2014-10-01,,,,820,0
2014-10-02,Durga Ashtami | Saraswati Puja,Purva Ashadha Nakshatra | Shukla Ashtami,Ashwina,820,1
2014-10-03,Dussehra | Vijayadashami,Shukla Dashami,Ashwina,520,1
2014-10-04,,,,660,0
2014-10-05,,,,190,0
2014-10-06,,,,150,0
2014-10-07,,,,150,0
2014-10-08,,,,130,0
2014-10-09,,,,230,0
2014-10-10,,,,150,0
2014-10-11,,,,290,0
2014-10-12,,,,170,0
2014-10-13,,,,210,0
2014-10-14,,,,170,0
2014-10-15,,,,250,0
2014-10-16,,,,350,0
2014-10-17,,,,370,0
2014-10-18,,,,350,0
2014-10-19,,,,210,0
2014-10-20,,,,270,0
2014-10-21,,,,310,0
2014-10-22,,,,420,0
2014-10-23,Diwali | Lakshmi Puja,Krishna Amavasya,Kartika,330,1
2014-10-24,,,,460,0
2014-10-25,,,,620,0
2014-10-26,,,,290,0
2014-10-27,,,,310,0
2014-10-28,,,,210,0
2014-10-29,,,,190,0
2014-10-30,,,,250,0
2014-10-31,,,,310,0
2014-11-01,,,,370,0
2014-11-02,,,,150,0
2014-11-03,,,,250,0
2014-11-04,Tulasi Vivah,Shukla Dwadashi,Kartika,290,1
2014-11-05,,,,250,0
2014-11-06,,,,290,0
2014-11-07,,,,290,0
2014-11-08,,,,620,0
2014-11-09,,,,270,0
2014-11-10,,,,210,0
2014-11-11,,,,250,0
2014-11-12,,,,190,0
2014-11-13,,,,250,0
2014-11-14,,,,310,0
2014-11-15,,,,370,0
2014-11-16,,,,420,0
2014-11-17,,,,370,0
2014-11-18,,,,270,0
2014-11-19,,,,310,0
2014-11-20,,,,420,0
2014-11-21,,,,720,0
2014-11-22,,,,820,0
2014-11-23,,,,820,0
2014-11-24,,,,420,0
2014-11-25,,,,520,0
2014-11-26,,,,820,0
2014-11-27,,,,820,0
2014-11-28,,,,720,0
2014-11-29,,,,820,0
2014-11-30,,,,820,0
2014-12-01,,,,520,0
2014-12-02,,,,660,0
2014-12-03,,,,420,0
2014-12-04,,,,540,0
2014-12-05,,,,820,0
2014-12-06,,,,820,0
2014-12-07,,,,520,0
2014-12-08,,,,420,0
2014-12-09,,,,350,0
2014-12-10,,,,420,0
2014-12-11,,,,720,0
2014-12-12,,,,520,0
2014-12-13,,,,820,0
2014-12-14,,,,820,0
2014-12-15,,,,820,0
2014-12-16,,,,620,0
2014-12-17,,,,370,0
2014-12-18,,,,370,0
2014-12-19,,,,460,0
2014-12-20,,,,370,0
2014-12-21,,,,290,0
2014-12-22,,,,460,0
2014-12-23,,,,820,0
2014-12-24,,,,820,0
2014-12-25,Christmas,,Pausha,820,1
2014-12-26,,,,820,0
2014-12-27,,,,820,0
2014-12-28,,,,820,0
2014-12-29,,,,820,0
2014-12-30,,,,720,0
2014-12-31,,,,520,0
2015-01-01,,,,720,0
2015-01-02,,,,660,0
2015-01-03,,,,620,0
2015-01-04,,,,420,0
2015-01-05,,,,420,0
2015-01-06,,,,370,0
2015-01-07,,,,330,0
2015-01-08,,,,420,0
2015-01-09,,,,620,0
2015-01-10,,,,820,0
2015-01-11,,,,520,0
2015-01-12,,,,660,0
2015-01-13,,,,820,0
2015-01-14,,,,820,0
2015-01-15,Makara Sankranti,Dhanu to Makara transit of Sun,Magha,820,1
2015-01-16,,,,660,0
2015-01-17,,,,820,0
2015-01-18,,,,420,0
2015-01-19,,,,370,0
2015-01-20,,,,350,0
2015-01-21,,,,820,0
2015-01-22,,,,620,0
2015-01-23,,,,820,0
2015-01-24,,,,820,0
2015-01-25,,,,820,0
2015-01-26,,,,420,0
2015-01-27,,,,390,0
2015-01-28,,,,370,0
2015-01-29,,,,420,0
2015-01-30,,,,420,0
2015-01-31,,,,520,0
2015-02-01,,,,330,0
2015-02-02,,,,520,0
2015-02-03,,,,460,0
2015-02-04,,,,820,0
2015-02-05,,,,820,0
2015-02-06,,,,820,0
2015-02-07,,,,820,0
2015-02-08,,,,820,0
2015-02-09,,,,720,0
2015-02-10,,,,820,0
2015-02-11,,,,720,0
2015-02-12,,,,820,0
2015-02-13,,,,660,0
2015-02-14,,,,520,0
2015-02-15,,,,370,0
2015-02-16,,,,330,0
2015-02-17,Maha Shivaratri,Krishna Chaturdashi,Phalguna,290,1
2015-02-18,,,,330,0
2015-02-19,,,,230,0
2015-02-20,,,,230,0
2015-02-21,,,,620,0
2015-02-22,,,,250,0
2015-02-23,,,,310,0
2015-02-24,,,,270,0
2015-02-25,,,,420,0
2015-02-26,,,,310,0
2015-02-27,,,,350,0
2015-02-28,,,,390,0
2015-03-01,,,,210,0
2015-03-02,,,,230,0
2015-03-03,,,,270,0
2015-03-04,,,,290,0
2015-03-05,,,,520,0
2015-03-06,,,,460,0
2015-03-07,,,,430,0
2015-03-08,,,,350,0
2015-03-09,,,,230,0
2015-03-10,,,,210,0
2015-03-11,,,,170,0
2015-03-12,,,,290,0
2015-03-13,,,,290,0
2015-03-14,,,,310,0
2015-03-15,,,,230,0
2015-03-16,,,,150,0
2015-03-17,,,,130,0
2015-03-18,,,,150,0
2015-03-19,,,,170,0
2015-03-20,,,,210,0
2015-03-21,Ugadi,Shukla Pratipada,Chaitra,250,1
2015-03-22,,,,210,0
2015-03-23,,,,210,0
2015-03-24,,,,270,0
2015-03-25,,,,170,0
2015-03-26,,,,170,0
2015-03-27,,,,230,0
2015-03-28,Rama Navami,Shukla Navami,Chaitra,310,1
2015-03-29,,,,190,0
2015-03-30,,,,150,0
2015-03-31,,,,170,0
2015-04-01,,,,190,0
2015-04-02,,,,190,0
2015-04-03,,,,210,0
2015-04-04,,,,190,0
2015-04-05,,,,210,0
2015-04-06,,,,230,0
2015-04-07,,,,170,0
2015-04-08,,,,150,0
2015-04-09,,,,270,0
2015-04-10,,,,230,0
2015-04-11,,,,250,0
2015-04-12,,,,310,0
2015-04-13,,,,290,0
2015-04-14,,,,460,0
2015-04-15,,,,210,0
2015-04-16,,,,290,0
2015-04-17,,,,270,0
2015-04-18,,,,260,0
2015-04-19,,,,250,0
2015-04-20,,,,290,0
2015-04-21,,,,290,0
2015-04-22,,,,290,0
2015-04-23,,,,420,0
2015-04-24,,,,330,0
2015-04-25,,,,390,0
2015-04-26,,,,460,0
2015-04-27,,,,350,0
2015-04-28,,,,270,0
2015-04-29,,,,270,0
2015-04-30,,,,420,0
2015-05-01,,,,520,0
2015-05-02,,,,560,0
2015-05-03,,,,560,0
2015-05-04,,,,310,0
2015-05-05,,,,520,0
2015-05-06,,,,420,0
2015-05-07,,,,620,0
2015-05-08,,,,620,0
2015-05-09,,,,720,0
2015-05-10,,,,620,0
2015-05-11,,,,290,0
2015-05-12,,,,370,0
2015-05-13,,,,170,0
2015-05-14,,,,290,0
2015-05-15,,,,170,0
2015-05-16,,,,110,0
2015-05-17,,,,90,0
2015-05-18,,,,90,0
2015-05-19,,,,150,0
2015-05-20,,,,210,0
2015-05-21,,,,170,0
2015-05-22,,,,150,0
2015-05-23,,,,290,0
2015-05-24,,,,450,0
2015-05-25,,,,230,0
2015-05-26,,,,230,0
2015-05-27,,,,310,0
2015-05-28,Ganga Dussehra,Shukla Dashami,Jyeshtha,210,1
2015-05-29,,,,210,0
2015-05-30,,,,460,0
2015-05-31,,,,210,0
2015-06-01,,,,130,0
2015-06-02,,,,210,0
2015-06-03,,,,230,0
2015-06-04,,,,110,0
2015-06-05,,,,270,0
2015-06-06,,,,720,0
2015-06-07,,,,170,0
2015-06-08,,,,130,0
2015-06-09,,,,110,0
2015-06-10,,,,130,0
2015-06-11,,,,130,0
2015-06-12,,,,130,0
2015-06-13,,,,190,0
2015-06-14,,,,250,0
2015-06-15,,,,210,0
2015-06-16,,,,110,0
2015-06-17,,,,70,0
2015-06-18,,,,190,0
2015-06-19,,,,170,0
2015-06-20,,,,210,0
2015-06-21,,,,170,0
2015-06-22,,,,110,0
2015-06-23,,,,110,0
2015-06-24,,,,210,0
2015-06-25,,,,130,0
2015-06-26,,,,210,0
2015-06-27,,,,250,0
2015-06-28,,,,130,0
2015-06-29,,,,130,0
2015-06-30,,,,130,0
2015-07-01,,,,110,0
2015-07-02,,,,330,0
2015-07-03,,,,250,0
2015-07-04,,,,250,0
2015-07-05,,,,270,0
2015-07-06,,,,210,0
2015-07-07,,,,190,0
2015-07-08,,,,190,0
2015-07-09,,,,250,0
2015-07-10,,,,230,0
2015-07-11,,,,330,0
2015-07-12,,,,250,0
2015-07-13,,,,520,0
2015-07-14,,,,420,0
2015-07-15,,,,520,0
2015-07-16,,,,820,0
2015-07-17,,,,460,0
2015-07-18,Eid ul-Fitr,,,420,1
2015-07-19,,,,250,0
2015-07-20,,,,310,0
2015-07-21,,,,170,0
2015-07-22,,,,150,0
2015-07-23,,,,170,0
2015-07-24,,,,210,0
2015-07-25,,,,250,0
2015-07-26,,,,150,0
2015-07-27,,,,110,0
2015-07-28,,,,110,0
2015-07-29,,,,130,0
2015-07-30,,,,150,0
2015-07-31,Guru Purnima,Shukla Purnima,Ashadha,130,1
2015-08-01,,,,190,0
2015-08-02,,,,150,0
2015-08-03,,,,170,0
2015-08-04,,,,150,0
2015-08-05,,,,210,0
2015-08-06,,,,290,0
2015-08-07,,,,270,0
2015-08-08,,,,480,0
2015-08-09,,,,420,0
2015-08-10,,,,520,0
2015-08-11,,,,310,0
2015-08-12,,,,370,0
2015-08-13,,,,460,0
2015-08-14,,,,460,0
2015-08-15,,,,720,0
2015-08-16,,,,820,0
2015-08-17,,,,820,0
2015-08-18,,,,820,0
2015-08-19,Nag Panchami,Shukla Panchami,Shravana,820,1
2015-08-20,,,,420,0
2015-08-21,,,,520,0
2015-08-22,,,,310,0
2015-08-23,,,,330,0
2015-08-24,,,,210,0
2015-08-25,,,,210,0
2015-08-26,,,,310,0
2015-08-27,,,,460,0
2015-08-28,Varalakshmi Vrat,Friday before Shravana Purnima,Shravana,510,1
2015-08-29,,,,250,0
2015-08-30,,,,330,0
2015-08-31,,,,210,0
2015-09-01,,,,210,0
2015-09-02,,,,210,0
2015-09-03,,,,370,0
2015-09-04,,,,390,0
2015-09-05,Krishna Janmashtami,Krishna Ashtami,Bhadrapada,150,1
2015-09-06,,,,190,0
2015-09-07,,,,90,0
2015-09-08,,,,170,0
2015-09-09,,,,210,0
2015-09-10,,,,330,0
2015-09-11,,,,250,0
2015-09-12,,,,370,0
2015-09-13,,,,390,0
2015-09-14,,,,720,0
2015-09-15,,,,820,0
2015-09-16,,,,820,0
2015-09-17,Ganesh Chaturthi,Shukla Chaturthi,Bhadrapada,820,1
2015-09-18,,,,330,0
2015-09-19,,,,330,0
2015-09-20,,,,420,0
2015-09-21,,,,370,0
2015-09-22,,,,420,0
2015-09-23,,,,370,0
2015-09-24,,,,460,0
2015-09-25,,,,250,0
2015-09-26,,,,270,0
2015-09-27,Anant Chaturdashi | Ganesh Visarjan,Shukla Chaturdashi,Bhadrapada,170,1
2015-09-28,,,,110,0
2015-09-29,,,,90,0
2015-09-30,,,,90,0
2015-10-01,,,,150,0
2015-10-02,,,,210,0
2015-10-03,,,,210,0
2015-10-04,,,,210,0
2015-10-05,,,,250,0
2015-10-06,,,,230,0
2015-10-07,,,,230,0
2015-10-08,,,,270,0
2015-10-09,,,,210,0
2015-10-10,,,,230,0
2015-10-11,,,,370,0
2015-10-12,,,,420,0
2015-10-13,Navratri Begins,Shukla Pratipada,Ashwina,520,1
2015-10-14,,,,520,0
2015-10-15,,,,620,0
2015-10-16,,,,820,0
2015-10-17,,,,720,0
2015-10-18,,,,620,0
2015-10-19,Saraswati Puja,Purva Ashadha Nakshatra,Ashwina,620,1
2015-10-20,,,,720,0
2015-10-21,Durga Ashtami,Shukla Ashtami,Ashwina,820,1
2015-10-22,Dussehra | Vijayadashami,Shukla Dashami,Ashwina,520,1
2015-10-23,,,,720,0
2015-10-24,,,,820,0
2015-10-25,,,,720,0
2015-10-26,,,,330,0
2015-10-27,,,,310,0
2015-10-28,,,,310,0
2015-10-29,,,,420,0
2015-10-30,,,,330,0
2015-10-31,,,,330,0
2015-11-01,,,,290,0
2015-11-02,,,,290,0
2015-11-03,,,,210,0
2015-11-04,,,,310,0
2015-11-05,,,,370,0
2015-11-06,,,,420,0
2015-11-07,,,,720,0
2015-11-08,,,,210,0
2015-11-09,,,,520,0
2015-11-10,,,,370,0
2015-11-11,Diwali | Lakshmi Puja,Krishna Amavasya,Kartika,420,1
2015-11-12,,,,460,0
2015-11-13,,,,310,0
2015-11-14,,,,820,0
2015-11-15,,,,310,0
2015-11-16,,,,420,0
2015-11-17,,,,460,0
2015-11-18,,,,420,0
2015-11-19,,,,370,0
2015-11-20,,,,330,0
2015-11-21,,,,310,0
2015-11-22,,,,310,0
2015-11-23,Tulasi Vivah,Shukla Dwadashi,Kartika,420,1
2015-11-24,,,,370,0
2015-11-25,,,,620,0
2015-11-26,,,,620,0
2015-11-27,,,,460,0
2015-11-28,,,,370,0
2015-11-29,,,,370,0
2015-11-30,,,,420,0
2015-12-01,,,,310,0
2015-12-02,,,,820,0
2015-12-03,,,,820,0
2015-12-04,,,,820,0
2015-12-05,,,,720,0
2015-12-06,,,,420,0
2015-12-07,,,,520,0
2015-12-08,,,,420,0
2015-12-09,,,,720,0
2015-12-10,,,,520,0
2015-12-11,,,,720,0
2015-12-12,,,,820,0
2015-12-13,,,,520,0
2015-12-14,,,,720,0
2015-12-15,,,,520,0
2015-12-16,,,,720,0
2015-12-17,,,,660,0
2015-12-18,,,,820,0
2015-12-19,,,,820,0
2015-12-20,,,,820,0
2015-12-21,,,,520,0
2015-12-22,,,,370,0
2015-12-23,,,,420,0
2015-12-24,,,,820,0
2015-12-25,Christmas,,Pausha,820,1
2015-12-26,,,,820,0
2015-12-27,,,,820,0
2015-12-28,,,,620,0
2015-12-29,,,,660,0
2015-12-30,,,,820,0
2015-12-31,,,,820,0
2016-01-01,,,,820,0
2016-01-02,,,,820,0
2016-01-03,,,,820,0
2016-01-04,,,,620,0
2016-01-05,,,,460,0
2016-01-06,,,,520,0
2016-01-07,,,,420,0
2016-01-08,,,,460,0
2016-01-09,,,,370,0
2016-01-10,,,,310,0
2016-01-11,,,,420,0
2016-01-12,,,,330,0
2016-01-13,,,,520,0
2016-01-14,,,,660,0
2016-01-15,Makara Sankranti,Dhanu to Makara transit of Sun,Pausha,720,1
2016-01-16,,,,820,0
2016-01-17,,,,460,0
2016-01-18,,,,460,0
2016-01-19,,,,520,0
2016-01-20,,,,520,0
2016-01-21,,,,520,0
2016-01-22,,,,720,0
2016-01-23,,,,820,0
2016-01-24,,,,820,0
2016-01-25,,,,720,0
2016-01-26,,,,820,0
2016-01-27,,,,820,0
2016-01-28,,,,820,0
2016-01-29,,,,820,0
2016-01-30,,,,820,0
2016-01-31,,,,820,0
2016-02-01,,,,820,0
2016-02-02,,,,820,0
2016-02-03,,,,820,0
2016-02-04,,,,720,0
2016-02-05,,,,720,0
2016-02-06,,,,420,0
2016-02-07,,,,420,0
2016-02-08,,,,370,0
2016-02-09,,,,370,0
2016-02-10,,,,620,0
2016-02-11,,,,460,0
2016-02-12,,,,540,0
2016-02-13,,,,520,0
2016-02-14,,,,420,0
2016-02-15,,,,370,0
2016-02-16,,,,370,0
2016-02-17,,,,420,0
2016-02-18,,,,460,0
2016-02-19,,,,230,0
2016-02-20,,,,370,0
2016-02-21,,,,370,0
2016-02-22,,,,420,0
2016-02-23,,,,230,0
2016-02-24,,,,310,0
2016-02-25,,,,330,0
2016-02-26,,,,350,0
2016-02-27,,,,720,0
2016-02-28,,,,250,0
2016-02-29,,,,180,0
2016-03-01,,,,150,0
2016-03-02,,,,190,0
2016-03-03,,,,170,0
2016-03-04,,,,230,0
2016-03-05,,,,250,0
2016-03-06,,,,250,0
2016-03-07,Maha Shivaratri,Krishna Chaturdashi,Phalguna,270,1
2016-03-08,,,,150,0
2016-03-09,,,,170,0
2016-03-10,,,,370,0
2016-03-11,,,,350,0
2016-03-12,,,,370,0
2016-03-13,,,,420,0
2016-03-14,,,,420,0
2016-03-15,,,,460,0
2016-03-16,,,,230,0
2016-03-17,,,,270,0
2016-03-18,,,,270,0
2016-03-19,,,,170,0
2016-03-20,,,,190,0
2016-03-21,,,,190,0
2016-03-22,,,,170,0
2016-03-23,,,,170,0
2016-03-24,,,,190,0
2016-03-25,,,,250,0
2016-03-26,,,,230,0
2016-03-27,,,,370,0
2016-03-28,,,,370,0
2016-03-29,,,,290,0
2016-03-30,,,,170,0
2016-03-31,,,,170,0
2016-04-01,,,,170,0
2016-04-02,,,,270,0
2016-04-03,,,,190,0
2016-04-04,,,,150,0
2016-04-05,,,,190,0
2016-04-06,,,,230,0
2016-04-07,,,,270,0
2016-04-08,Ugadi,Shukla Pratipada,Chaitra,420,1
2016-04-09,,,,420,0
2016-04-10,,,,660,0
2016-04-11,,,,270,0
2016-04-12,,,,350,0
2016-04-13,,,,350,0
2016-04-14,,,,370,0
2016-04-15,Rama Navami,Shukla Navami,Chaitra,370,1
2016-04-16,,,,420,0
2016-04-17,,,,130,0
2016-04-18,,,,190,0
2016-04-19,,,,420,0
2016-04-20,,,,350,0
2016-04-21,,,,350,0
2016-04-22,,,,290,0
2016-04-23,,,,270,0
2016-04-24,,,,390,0
2016-04-25,,,,350,0
2016-04-26,,,,420,0
2016-04-27,,,,330,0
2016-04-28,,,,370,0
2016-04-29,,,,330,0
2016-04-30,,,,820,0
2016-05-01,,,,420,0
2016-05-02,,,,290,0
2016-05-03,,,,370,0
2016-05-04,,,,290,0
2016-05-05,,,,330,0
2016-05-06,,,,330,0
2016-05-07,,,,520,0
2016-05-08,,,,820,0
2016-05-09,,,,460,0
2016-05-10,,,,460,0
2016-05-11,,,,460,0
2016-05-12,,,,460,0
2016-05-13,,,,520,0
2016-05-14,,,,420,0
2016-05-15,,,,370,0
2016-05-16,,,,190,0
2016-05-17,,,,90,0
2016-05-18,,,,230,0
2016-05-19,,,,230,0
2016-05-20,,,,270,0
2016-05-21,,,,250,0
2016-05-22,,,,370,0
2016-05-23,,,,270,0
2016-05-24,,,,150,0
2016-05-25,,,,90,0
2016-05-26,,,,170,0
2016-05-27,,,,150,0
2016-05-28,,,,170,0
2016-05-29,,,,170,0
2016-05-30,,,,150,0
2016-05-31,,,,90,0
2016-06-01,,,,90,0
2016-06-02,,,,90,0
2016-06-03,,,,150,0
2016-06-04,,,,110,0
2016-06-05,,,,70,0
2016-06-06,,,,70,0
2016-06-07,,,,70,0
2016-06-08,,,,70,0
2016-06-09,,,,90,0
2016-06-10,,,,150,0
2016-06-11,,,,130,0
2016-06-12,,,,250,0
2016-06-13,,,,310,0
2016-06-14,Ganga Dussehra,Shukla Dashami,Jyeshtha,330,1
2016-06-15,,,,190,0
2016-06-16,,,,190,0
2016-06-17,,,,270,0
2016-06-18,,,,330,0
2016-06-19,,,,270,0
2016-06-20,,,,290,0
2016-06-21,,,,170,0
2016-06-22,,,,110,0
2016-06-23,,,,250,0
2016-06-24,,,,170,0
2016-06-25,,,,150,0
2016-06-26,,,,150,0
2016-06-27,,,,90,0
2016-06-28,,,,130,0
2016-06-29,,,,130,0
2016-06-30,,,,170,0
2016-07-01,,,,270,0
2016-07-02,,,,190,0
2016-07-03,,,,190,0
2016-07-04,,,,310,0
2016-07-05,,,,370,0
2016-07-06,,,,620,0
2016-07-07,Eid ul-Fitr,,,620,1
2016-07-08,,,,820,0
2016-07-09,,,,820,0
2016-07-10,,,,820,0
2016-07-11,,,,620,0
2016-07-12,,,,820,0
2016-07-13,,,,620,0
2016-07-14,,,,820,0
2016-07-15,,,,820,0
2016-07-16,,,,820,0
2016-07-17,,,,820,0
2016-07-18,,,,820,0
2016-07-19,Guru Purnima,Shukla Purnima,Ashadha,820,1
2016-07-20,,,,820,0
2016-07-21,,,,820,0
2016-07-22,,,,820,0
2016-07-23,,,,820,0
2016-07-24,,,,820,0
2016-07-25,,,,820,0
2016-07-26,,,,820,0
2016-07-27,,,,820,0
2016-07-28,,,,820,0
2016-07-29,,,,820,0
2016-07-30,,,,820,0
2016-07-31,,,,820,0
2016-08-01,,,,520,0
2016-08-02,,,,420,0
2016-08-03,,,,420,0
2016-08-04,,,,290,0
2016-08-05,,,,420,0
2016-08-06,,,,370,0
2016-08-07,Nag Panchami,Shukla Panchami,Shravana,170,1
2016-08-08,,,,130,0
2016-08-09,,,,130,0
2016-08-10,,,,150,0
2016-08-11,,,,210,0
2016-08-12,Varalakshmi Vrat,Friday before Shravana Purnima,Shravana,250,1
2016-08-13,,,,190,0
2016-08-14,,,,250,0
2016-08-15,,,,330,0
2016-08-16,,,,330,0
2016-08-17,,,,420,0
2016-08-18,,,,420,0
2016-08-19,,,,520,0
2016-08-20,,,,820,0
2016-08-21,,,,720,0
2016-08-22,,,,420,0
2016-08-23,,,,620,0
2016-08-24,,,,420,0
2016-08-25,Krishna Janmashtami,Krishna Ashtami,Bhadrapada,520,1
2016-08-26,,,,420,0
2016-08-27,,,,420,0
2016-08-28,,,,310,0
2016-08-29,,,,330,0
2016-08-30,,,,270,0
2016-08-31,,,,370,0
2016-09-01,,,,520,0
2016-09-02,,,,720,0
2016-09-03,,,,820,0
2016-09-04,,,,820,0
2016-09-05,Ganesh Chaturthi,Shukla Chaturthi,Bhadrapada,520,1
2016-09-06,,,,250,0
2016-09-07,,,,310,0
2016-09-08,,,,460,0
2016-09-09,,,,520,0
2016-09-10,,,,420,0
2016-09-11,,,,520,0
2016-09-12,,,,330,0
2016-09-13,,,,250,0
2016-09-14,,,,420,0
2016-09-15,Anant Chaturdashi | Ganesh Visarjan,Shukla Chaturdashi,Bhadrapada,420,1
2016-09-16,,,,420,0
2016-09-17,,,,210,0
2016-09-18,,,,190,0
2016-09-19,,,,170,0
2016-09-20,,,,150,0
2016-09-21,,,,150,0
2016-09-22,,,,230,0
2016-09-23,,,,210,0
2016-09-24,,,,330,0
2016-09-25,,,,330,0
2016-09-26,,,,420,0
2016-09-27,,,,420,0
2016-09-28,,,,520,0
2016-09-29,,,,720,0
2016-09-30,,,,820,0
2016-10-01,Navratri Begins,Shukla Pratipada,Ashwina,820,1
2016-10-02,,,,820,0
2016-10-03,,,,820,0
2016-10-04,,,,820,0
2016-10-05,,,,820,0
2016-10-06,,,,820,0
2016-10-07,,,,820,0
2016-10-08,,,,820,0
2016-10-09,Durga Ashtami | Saraswati Puja,Purva Ashadha Nakshatra | Shukla Ashtami,Ashwina,820,1
2016-10-10,,,,820,0
2016-10-11,Dussehra | Vijayadashami,Shukla Dashami,Ashwina,420,1
2016-10-12,,,,210,0
2016-10-13,,,,350,0
2016-10-14,,,,520,0
2016-10-15,,,,720,0
2016-10-16,,,,460,0
2016-10-17,,,,820,0
2016-10-18,,,,720,0
2016-10-19,,,,820,0
2016-10-20,,,,330,0
2016-10-21,,,,620,0
2016-10-22,,,,620,0
2016-10-23,,,,420,0
2016-10-24,,,,420,0
2016-10-25,,,,330,0
2016-10-26,,,,460,0
2016-10-27,,,,460,0
2016-10-28,,,,720,0
2016-10-29,,,,820,0
2016-10-30,Diwali | Lakshmi Puja,Krishna Amavasya,Kartika,820,1
2016-10-31,,,,820,0
2016-11-01,,,,820,0
2016-11-02,,,,820,0
2016-11-03,,,,820,0
2016-11-04,,,,820,0
2016-11-05,,,,820,0
2016-11-06,,,,820,0
2016-11-07,,,,520,0
2016-11-08,,,,620,0
2016-11-09,,,,310,0
2016-11-10,,,,420,0
2016-11-11,Tulasi Vivah,Shukla Dwadashi,Kartika,620,1
2016-11-12,,,,820,0
2016-11-13,,,,250,0
2016-11-14,,,,350,0
2016-11-15,,,,210,0
2016-11-16,,,,170,0
2016-11-17,,,,170,0
2016-11-18,,,,250,0
2016-11-19,,,,260,0
2016-11-20,,,,210,0
2016-11-21,,,,330,0
2016-11-22,,,,520,0
2016-11-23,,,,420,0
2016-11-24,,,,520,0
2016-11-25,,,,420,0
2016-11-26,,,,820,0
2016-11-27,,,,330,0
2016-11-28,,,,420,0
2016-11-29,,,,330,0
2016-11-30,,,,420,0
2016-12-01,,,,620,0
2016-12-02,,,,820,0
2016-12-03,,,,820,0
2016-12-04,,,,420,0
2016-12-05,,,,520,0
2016-12-06,,,,420,0
2016-12-07,,,,520,0
2016-12-08,,,,620,0
2016-12-09,,,,420,0
2016-12-10,,,,330,0
2016-12-11,,,,330,0
2016-12-12,,,,720,0
2016-12-13,,,,820,0
2016-12-14,,,,620,0
2016-12-15,,,,520,0
2016-12-16,,,,620,0
2016-12-17,,,,420,0
2016-12-18,,,,520,0
2016-12-19,,,,420,0
2016-12-20,,,,720,0
2016-12-21,,,,720,0
2016-12-22,,,,820,0
2016-12-23,,,,660,0
2016-12-24,,,,660,0
2016-12-25,Christmas,,Pausha,720,1
2016-12-26,,,,520,0
2016-12-27,,,,420,0
2016-12-28,,,,420,0
2016-12-29,,,,460,0
2016-12-30,,,,520,0
2016-12-31,,,,820,0
